PH,Total,Year,name,value,
PH Program,"1,402",2019,Any Disabling Condition,0.7296718972895863,72.96718973
PH Program,"1,652",2020,Any Disabling Condition,0.7554479418886199,75.54479419
PH Program,"2,176",2021,Any Disabling Condition,0.7780330882352942,77.80330882
PH Program,"2,149",2022,Any Disabling Condition,0.7924616100511866,79.24616101
PH Program,"2,231",2023,Any Disabling Condition,0.7642312864186463,76.42312864
PH Program,"2,301",2024,Any Disabling Condition,0.7531508039982616,75.3150804
Non-PH Program,"9,493",2019,Any Disabling Condition,0.68155483,68.15548299
Non-PH Program,"8,312",2020,Any Disabling Condition,0.6645813282001924,66.45813282
Non-PH Program,"7,232",2021,Any Disabling Condition,0.6789269911504425,67.89269912
Non-PH Program,"9,594",2022,Any Disabling Condition,0.6635397123202001,66.35397123
Non-PH Program,"16,265",2023,Any Disabling Condition,0.5752228711958193,57.52228712
Non-PH Program,"19,003",2024,Any Disabling Condition,0.5800136820502027,58.00136821
PH Program,"1,402",2019,Chronic Health,0.359486448,35.94864479
PH Program,"1,652",2020,Chronic Health,0.3916464891041162,39.16464891
PH Program,"2,176",2021,Chronic Health,0.39200367647058826,39.20036765
PH Program,"2,149",2022,Chronic Health,0.40809678920428105,40.80967892
PH Program,"2,231",2023,Chronic Health,0.39578664276109365,39.57866428
PH Program,"2,301",2024,Chronic Health,0.39678400695349847,39.6784007
Non-PH Program,"9,493",2019,Chronic Health,0.339407985,33.94079848
Non-PH Program,"8,312",2020,Chronic Health,0.33313282001924927,33.313282
Non-PH Program,"7,232",2021,Chronic Health,0.3444413716814159,34.44413717
Non-PH Program,"9,594",2022,Chronic Health,0.3346883468834688,33.46883469
Non-PH Program,"16,265",2023,Chronic Health,0.28164770980633264,28.16477098
Non-PH Program,"19,003",2024,Chronic Health,0.2782718518128717,27.82718518
PH Program,"1,402",2019,Developmental,0.11483594864479316,11.48359486
PH Program,"1,652",2020,Developmental,0.1410411622276029,14.10411622
PH Program,"2,176",2021,Developmental,0.15946691176470587,15.94669118
PH Program,"2,149",2022,Developmental,0.16007445323406236,16.00744532
PH Program,"2,231",2023,Developmental,0.17525773195876287,17.5257732
PH Program,"2,301",2024,Developmental,0.1681877444589309,16.81877445
Non-PH Program,"9,493",2019,Developmental,0.155377647,15.53776467
Non-PH Program,"8,312",2020,Developmental,0.15892685274302212,15.89268527
Non-PH Program,"7,232",2021,Developmental,0.1854258849557522,18.5425885
Non-PH Program,"9,594",2022,Developmental,0.18449030644152595,18.44903064
Non-PH Program,"16,265",2023,Developmental,0.16052874269904704,16.05287427
Non-PH Program,"19,003",2024,Developmental,0.1633426301110351,16.33426301
PH Program,"1,402",2019,HIV/AIDS,0.069900143,6.990014265
PH Program,"1,652",2020,HIV/AIDS,0.06779661,6.779661017
PH Program,"2,176",2021,HIV/AIDS,0.044577206,4.457720588
PH Program,"2,149",2022,HIV/AIDS,0.047929269,4.792926943
PH Program,"2,231",2023,HIV/AIDS,0.043030031376064544,4.303003138
PH Program,"2,301",2024,HIV/AIDS,0.036940461,3.694046067
Non-PH Program,"9,493",2019,HIV/AIDS,0.032655641,3.2655641
Non-PH Program,"8,312",2020,HIV/AIDS,0.030558229,3.055822907
Non-PH Program,"7,232",2021,HIV/AIDS,0.03125,3.125
Non-PH Program,"9,594",2022,HIV/AIDS,0.022514071,2.251407129
Non-PH Program,"16,265",2023,HIV/AIDS,0.019182293267752844,1.918229327
Non-PH Program,"19,003",2024,HIV/AIDS,0.019996843,1.99968426
PH Program,"1,402",2019,Mental Health,0.507132668,50.71326676
PH Program,"1,652",2020,Mental Health,0.5193704600484261,51.937046
PH Program,"2,176",2021,Mental Health,0.5569852941176471,55.69852941
PH Program,"2,149",2022,Mental Health,0.567240577,56.7240577
PH Program,"2,231",2023,Mental Health,0.5602868668758404,56.02868669
PH Program,"2,301",2024,Mental Health,0.5614950021729683,56.14950022
Non-PH Program,"9,493",2019,Mental Health,0.4640261245127989,46.40261245
Non-PH Program,"8,312",2020,Mental Health,0.46799807507218477,46.79980751
Non-PH Program,"7,232",2021,Mental Health,0.49239491150442477,49.23949115
Non-PH Program,"9,594",2022,Mental Health,0.490931832,49.09318324
Non-PH Program,"16,265",2023,Mental Health,0.4288964033200123,42.88964033
Non-PH Program,"19,003",2024,Mental Health,0.43145819081197706,43.14581908
PH Program,"1,402",2019,Physical,0.35805991440798857,35.80599144
PH Program,"1,652",2020,Physical,0.3898305084745763,38.98305085
PH Program,"2,176",2021,Physical,0.4071691176470588,40.71691176
PH Program,"2,149",2022,Physical,0.42857142857142855,42.85714286
PH Program,"2,231",2023,Physical,0.4002689376961004,40.02689377
PH Program,"2,301",2024,Physical,0.40330291177748806,40.33029118
Non-PH Program,"9,493",2019,Physical,0.3245549352154219,32.45549352
Non-PH Program,"8,312",2020,Physical,0.3059432146294514,30.59432146
Non-PH Program,"7,232",2021,Physical,0.3076603982300885,30.76603982
Non-PH Program,"9,594",2022,Physical,0.3055034396497811,30.55034396
Non-PH Program,"16,265",2023,Physical,0.26043652013525975,26.04365201
Non-PH Program,"19,003",2024,Physical,0.25543335262853234,25.54333526
PH Program,"1,402",2019,Substance Use,0.268188302,26.81883024
PH Program,"1,652",2020,Substance Use,0.2820823244552058,28.20823245
PH Program,"2,176",2021,Substance Use,0.2936580882352941,29.36580882
PH Program,"2,149",2022,Substance Use,0.2940902745463006,29.40902745
PH Program,"2,231",2023,Substance Use,0.3079336620349619,30.7933662
PH Program,"2,301",2024,Substance Use,0.3076923076923077,30.76923077
Non-PH Program,"9,493",2019,Substance Use,0.27356999894659223,27.35699989
Non-PH Program,"8,312",2020,Substance Use,0.2598652550529355,25.98652551
Non-PH Program,"7,232",2021,Substance Use,0.24737278761061948,24.73727876
Non-PH Program,"9,594",2022,Substance Use,0.24817594329789452,24.81759433
Non-PH Program,"16,265",2023,Substance Use,0.21137411620043037,21.13741162
Non-PH Program,"19,003",2024,Substance Use,0.21212440141030364,21.21244014
